{
	"description": "项目配置文件",
	"packOptions": {
		"ignore": []
	},
	"setting": {
		"urlCheck": false,
		"es6": true,
		"postcss": true,
		"minified": true,
		"newFeature": true,
		"coverView": true,
		"nodeModules": true,
		"autoAudits": false,
		"showShadowRootInWxmlPanel": true,
		"scopeDataCheck": false,
		"checkInvalidKey": true,
		"checkSiteMap": true,
		"uploadWithSourceMap": true,
		"babelSetting": {
			"ignore": [],
			"disablePlugins": [],
			"outputPath": ""
		}
	},
	"compileType": "miniprogram",
	"libVersion": "2.10.3",
	"appid": "wxdc08c6b09260921d",
	"projectname": "app-wechat",
	"cloudfunctionTemplateRoot": "",
	"watchOptions": {
		"ignore": []
	},
	"debugOptions": {
		"hidedInDevtools": []
	},
	"scripts": {},
	"simulatorType": "wechat",
	"simulatorPluginLibVersion": {},
	"condition": {
		"search": {
			"current": -1,
			"list": []
		},
		"conversation": {
			"current": -1,
			"list": []
		},
		"plugin": {
			"current": -1,
			"list": []
		},
		"game": {
			"list": []
		},
		"gamePlugin": {
			"current": -1,
			"list": []
		},
		"miniprogram": {
			"current": -1,
			"list": [
				{
					"id": 0,
					"name": "办公",
					"pathName": "pages/office/office",
					"query": "",
					"scene": null
				},
				{
					"id": 2,
					"name": "登录",
					"pathName": "pages/me/login/login",
					"query": "",
					"scene": null
				},
				{
					"id": -1,
					"name": "选择联系人",
					"pathName": "pages/office/smsNotice/selectContact/selectContact",
					"query": "",
					"scene": null
				},
				{
					"id": -1,
					"name": "通讯录",
					"pathName": "pages/office/addressBook/addressBook",
					"query": "",
					"scene": null
				},
				{
					"id": -1,
					"name": "注册",
					"pathName": "pages/me/register/register",
					"query": "",
					"scene": null
				},
				{
					"id": -1,
					"name": "上报",
					"pathName": "pages/office/record/record",
					"query": "",
					"scene": null
				},
				{
					"id": -1,
					"name": "信息登记",
					"pathName": "pages/office/msgRegister/msgRegister",
					"query": "",
					"scene": null
				},
				{
					"id": -1,
					"name": "个人信息填写",
					"pathName": "pages/me/register/registerList/registerList",
					"query": "",
					"scene": null
				},
				{
					"id": -1,
					"name": "信息填写",
					"pathName": "pages/me/register/registerList/registerList",
					"query": "",
					"scene": null
				},
				{
					"id": -1,
					"name": "设置密码",
					"pathName": "pages/me/register/registerList/configPassword/configPassword",
					"query": "",
					"scene": null
				}
			]
		}
	}
}